RC1_Adopted,RC2_Died,RC3_Residence_Order,RC4_Special_Guardianship_Order,RC5_Transfer_to_another_LA,RC6_Transfer_to_Adult_Social_Service,RC7_Other
49,17,21,58,64,35,2986
15,c,c,16,58,10,843
27,c,c,28,26,24,1045
c,c,8,37,43,0,1658
21,c,c,25,90,18,1715
25,c,0,0,41,25,2173
11,c,c,18,26,18,964
25,20,6,10,15,23,1673
14,c,c,30,34,13,929
38,c,c,20,24,c,908
12,c,c,23,58,18,1588
37,10,6,39,44,17,1443
21,c,c,19,49,15,1159
c,c,c,8,32,7,1520
23,c,c,23,54,17,3325
0,c,0,6,56,c,1565
c,c,0,18,28,15,1475
13,c,0,c,51,20,1617
8,c,0,c,18,7,1264
10,c,16,17,26,c,822
0,c,c,8,12,14,787
36,21,6,11,123,50,3839
24,c,c,27,81,23,1996
43,8,7,47,115,31,4683
26,13,c,c,68,16,4202
24,c,c,15,68,18,2882
c,c,c,13,113,16,1934
9,6,23,33,23,14,1957
22,13,c,11,39,c,1099
6,13,0,6,54,22,1995
25,c,7,50,66,c,1449
0,c,0,7,21,c,1231
11,11,c,27,35,6,1270
c,c,0,10,12,11,660
21,7,0,17,66,8,2783
8,9,6,25,63,11,1908
23,c,23,59,55,c,1551
47,21,c,80,218,29,5282
12,8,0,33,63,9,1373
13,c,11,47,44,c,1517
13,c,0,c,31,c,1634
54,c,22,43,47,c,2911
21,9,c,47,35,15,2862
51,7,c,30,57,c,2940
27,c,30,17,65,c,1371
11,0,c,16,28,c,650
c,6,c,15,101,33,3981
17,10,13,38,56,7,1437
26,7,11,55,28,14,4595
30,c,c,29,37,12,2054
8,c,c,9,48,7,609
32,c,c,23,53,14,2429
0,13,0,0,0,0,6574
10,8,c,14,48,7,1231
c,c,c,c,23,c,2481
38,c,c,66,143,36,4537
0,0,0,0,0,0,2216
23,c,c,20,74,17,1521
0,8,c,44,72,26,2833
c,0,0,c,6,c,90
0,0,0,0,0,0,2264
83,18,54,34,145,23,5983
52,c,0,c,68,17,2788
17,9,6,20,86,19,1864
0,c,0,c,0,0,1429
21,12,0,17,628,8,2406
18,c,0,0,24,18,1067
7,0,c,6,62,c,1598
39,c,22,c,146,59,3753
51,c,c,12,92,17,2335
30,c,0,23,46,14,1063
27,6,10,17,85,9,1063
12,6,6,29,38,18,2734
12,c,6,11,75,c,1634
29,c,c,25,77,41,2653
14,c,0,c,46,13,801
21,c,c,20,80,34,3083
13,c,c,15,52,8,913
40,7,10,29,126,10,2397
46,c,c,12,134,81,2658
15,c,c,21,98,13,1412
39,24,7,25,121,31,4634
15,c,c,7,89,9,1337
c,10,c,6,47,16,960
33,c,c,12,92,33,2746
7,c,0,c,69,11,1008
c,c,0,c,22,7,830
18,c,c,7,80,28,1917
11,c,c,15,185,20,3051
30,11,c,c,113,31,1864
u,u,u,u,u,u,u
7,c,0,0,c,0,1953
53,56,7,69,2283,123,13103
15,c,c,12,33,21,1980
16,c,c,19,99,41,1813
27,c,c,15,64,17,2237
11,c,c,6,63,15,2707
9,c,c,c,80,13,969
c,15,c,8,107,8,1325
29,c,c,26,67,18,2321
29,10,22,39,268,77,4352
c,c,0,c,27,c,1878
30,9,c,23,103,76,3068
15,c,c,c,37,c,1182
c,c,c,c,48,7,531
7,0,0,8,16,15,463
27,10,16,16,16,17,3113
11,7,7,24,28,7,1761
c,9,c,21,71,17,5224
35,c,c,45,70,18,2493
16,c,c,24,67,28,1441
36,18,c,25,74,c,3721
0,0,0,0,0,0,c
c,c,c,9,27,7,594
24,10,11,27,44,13,1349
31,7,0,28,37,10,1425
8,c,c,13,32,16,1110
25,6,0,0,65,26,1532
10,c,c,8,79,7,1195
20,14,c,c,55,73,1652
c,c,c,30,84,23,1187
0,0,0,0,11,0,10
c,c,0,31,121,49,1491
c,c,0,c,61,c,661
c,c,c,c,126,17,2257
c,6,c,6,42,10,1183
c,0,c,c,57,c,720
c,c,0,9,117,9,1533
15,c,c,33,225,18,1891
12,c,0,14,184,15,3428
7,c,c,11,99,21,1222
c,0,0,6,76,c,2347
c,0,0,9,c,0,1139
c,c,c,55,13,c,552
c,c,0,10,145,7,2092
c,c,0,17,112,11,1726
7,c,c,20,97,c,1614
0,c,c,c,118,6,2436
13,9,0,11,104,16,2142
c,13,c,21,283,41,3688
c,c,c,12,93,c,1291
7,c,c,15,236,56,2710
6,c,7,23,28,c,1086
c,c,0,c,120,17,1208
0,0,c,c,85,14,1392
14,c,c,c,222,25,1715
0,c,c,0,50,6,2306
c,c,0,c,67,10,690
c,c,c,c,113,c,974
c,c,0,14,181,29,2495
c,c,0,c,71,c,673
11,c,c,9,c,14,903
7,6,9,6,114,13,3458
53,12,33,49,59,33,3122
12,c,8,22,15,c,671
24,c,12,34,44,c,1319
c,0,c,17,18,10,1641
27,6,6,27,111,19,2660
36,11,0,0,34,23,1319
18,11,c,18,48,19,1325
25,c,c,16,28,22,1607
17,c,c,38,46,14,1055
20,11,13,22,31,29,929
15,c,c,26,46,28,1809
23,16,25,45,42,26,1757
22,c,c,27,50,18,1042
42,c,6,22,60,c,1349
38,c,c,33,60,9,3569
19,c,c,7,107,0,2096
12,c,0,13,69,20,1304
77,c,0,c,27,18,1440
34,c,0,20,49,c,1553
13,c,13,10,27,c,961
0,c,0,c,22,13,704
40,28,c,c,90,61,3605
27,c,c,36,79,20,2565
25,c,c,54,92,24,5323
26,8,0,9,99,24,3515
17,9,0,14,104,24,1903
c,c,0,24,59,25,1839
19,9,9,13,66,15,2097
13,12,c,26,32,c,1143
9,8,0,6,71,11,2232
18,c,c,32,41,c,1647
c,c,0,10,46,10,1334
20,c,12,24,36,15,1125
20,6,c,17,83,c,3060
19,9,0,23,60,16,1699
20,c,9,28,38,7,1764
41,14,9,20,154,33,4667
11,8,c,12,80,10,1688
21,7,14,67,103,c,2194
c,c,c,0,28,c,2133
39,c,15,74,54,c,3202
20,c,c,76,54,15,2305
23,8,c,36,108,c,3377
12,c,c,52,43,9,2639
7,c,c,10,28,11,777
19,8,8,26,71,39,3622
29,c,c,43,75,9,1760
19,7,14,33,52,35,4424
41,c,8,35,52,17,2567
10,c,c,c,80,12,1262
39,c,c,26,55,17,2477
0,19,0,0,0,c,5862
15,7,c,19,37,c,1234
c,c,12,31,38,8,3546
44,9,6,69,91,31,3207
0,0,0,0,0,0,1730
32,6,0,34,105,12,1261
0,15,c,37,102,29,3169
0,c,0,c,c,0,105
0,0,0,0,0,0,1874
102,13,40,19,162,25,2806
25,c,c,0,58,13,2447
18,9,8,22,162,10,2746
0,c,0,c,0,0,1693
26,14,0,28,324,10,2629
15,c,0,0,35,9,1218
16,c,c,14,40,7,1356
33,9,21,9,81,51,2656
29,c,c,24,109,15,2224
26,c,c,21,86,32,1142
26,6,11,20,85,23,1111
11,c,10,13,44,13,2426
15,c,c,c,99,7,2050
33,11,8,20,101,30,2602
16,c,c,c,27,11,672
28,c,c,26,55,31,2238
8,c,c,c,56,6,915
42,8,16,29,103,11,2168
27,c,c,18,134,75,3198
15,c,c,11,80,14,1580
32,c,c,34,126,31,4341
14,c,c,18,67,8,1159
13,c,0,c,94,11,1250
46,c,c,24,60,26,3092
12,c,0,c,84,14,853
c,c,0,8,15,7,840
c,c,0,c,30,c,1797
21,12,0,12,170,35,3545
15,c,c,16,137,28,2362
0,23,0,c,32,c,21013
c,c,c,0,7,0,1905
c,47,c,48,1210,143,12663
6,8,c,c,34,28,1315
20,c,c,9,63,30,1970
15,c,c,12,42,16,3090
17,8,c,c,30,11,2800
c,7,0,c,63,9,1081
22,c,c,7,96,9,1475
30,c,18,22,50,17,2021
18,7,19,45,347,91,4057
0,c,0,c,41,c,1555
24,c,c,42,106,59,384
7,0,0,c,33,c,1884
c,0,0,7,9,c,570
c,c,0,8,15,15,567
21,8,6,22,32,22,3688
13,c,0,27,37,c,1884
7,8,c,15,49,20,4309
41,13,13,43,102,40,3374
26,7,23,14,115,19,1498
32,21,6,30,118,19,4187
0,0,0,0,0,c,19
c,c,c,6,17,11,595
29,c,c,23,42,16,1358
44,c,c,27,47,11,3062
9,c,c,13,30,17,898
13,c,0,c,78,19,1473
26,6,0,6,54,14,1138
9,8,0,9,38,28,1717
7,c,c,18,82,19,1012
0,0,0,0,16,0,c
12,c,c,21,176,7,1242
c,c,c,6,65,6,869
10,c,0,9,118,c,1382
c,c,c,13,98,10,1231
c,c,0,9,44,c,1257
c,c,566,21,137,0,788
21,8,0,17,224,14,1478
c,10,c,16,179,10,3211
6,6,8,13,169,12,1390
c,6,0,c,120,13,2676
0,c,0,0,c,0,1682
0,0,0,c,c,0,c
c,c,0,23,108,14,2672
c,c,11,9,117,15,2040
c,9,c,8,119,16,1550
0,c,0,6,95,c,2639
18,c,c,c,131,23,2294
19,9,0,13,238,38,2725
6,c,c,c,98,9,1288
c,7,c,22,171,36,3104
10,13,7,22,70,10,1191
c,c,0,11,129,8,1525
c,c,6,c,65,30,1675
c,c,c,c,272,29,1937
c,6,c,c,35,c,2621
c,c,0,8,82,6,677
7,c,c,6,93,6,587
c,c,0,6,137,24,2331
c,c,0,10,56,7,758
7,c,c,c,0,25,907
c,8,c,14,113,12,2828
70,12,23,81,73,29,3191
18,c,15,24,c,10,493
15,c,c,60,39,26,869
14,c,c,21,44,6,1608
24,c,0,65,110,c,2986
35,c,0,52,c,0,1354
14,7,c,c,48,24,976
30,c,c,31,38,16,1396
8,c,14,51,59,17,1509
0,c,11,26,37,c,1102
21,c,13,36,63,14,2287
37,c,16,74,40,c,2131
27,c,c,9,51,15,844
20,c,0,42,65,c,1554
56,c,c,42,30,13,3619
9,9,c,11,60,8,1398
20,7,c,9,59,14,1324
37,c,c,10,21,12,1491
24,c,c,10,34,31,2017
c,c,7,28,16,c,799
c,c,0,44,21,7,1002
55,c,c,12,123,48,4161
25,9,9,26,66,24,3043
51,13,c,62,113,30,5910
37,8,0,23,108,17,2637
21,c,c,11,103,30,2633
c,0,c,13,72,12,2440
20,c,c,19,94,22,1485
10,7,c,26,43,c,891
8,11,c,c,57,17,2276
18,c,0,21,60,c,1675
13,c,c,14,42,20,1280
13,c,c,44,43,12,1038
9,13,0,14,84,20,2467
15,7,c,17,67,15,1887
37,8,c,33,69,19,2236
32,9,10,19,140,49,5523
14,0,c,14,63,c,1756
c,c,8,13,42,c,835
6,c,6,0,33,c,1868
27,11,13,63,62,8,2833
24,c,c,18,47,20,2270
39,c,c,50,91,c,3397
7,c,c,28,69,10,2207
12,c,6,23,20,c,729
28,6,8,20,67,29,3096
27,9,c,29,63,c,1729
37,15,13,43,76,29,3532
35,c,c,23,36,16,2957
12,c,c,c,48,9,1254
29,7,0,25,69,21,2718
0,26,0,0,0,0,5348
31,c,0,19,38,c,1417
c,6,c,0,19,c,3488
32,c,c,46,89,38,2584
0,0,0,0,0,0,1863
45,c,c,12,78,10,1192
0,12,15,44,106,27,4188
c,c,0,c,10,c,123
0,0,0,0,0,0,1896
73,10,56,33,191,62,5331
35,c,0,c,74,22,3238
14,c,c,21,119,c,2812
0,8,0,6,0,0,1019
41,c,0,16,729,c,2765
10,c,0,c,24,13,1413
11,c,c,c,28,10,1329
51,c,c,86,102,48,2875
15,c,c,16,50,10,1990
29,c,c,14,49,12,896
30,c,0,18,100,c,1078
32,c,6,33,47,12,2220
17,c,13,c,131,7,1567
24,c,c,11,82,22,2449
15,c,c,12,41,21,845
44,10,c,21,84,30,2112
8,c,c,9,41,17,752
30,11,18,20,124,8,2413
32,7,11,11,152,70,3115
28,7,0,10,83,12,1552
45,12,10,27,107,21,4017
18,c,0,16,48,c,1191
9,c,0,c,56,15,990
51,12,0,32,81,24,3373
12,c,0,c,105,17,1254
c,c,0,c,33,c,760
0,0,0,0,0,0,2775
25,c,c,19,169,31,3701
c,14,c,16,73,30,2904
38,23,c,26,75,c,20708
12,c,c,0,c,0,2636
77,c,c,70,966,161,9901
9,14,c,c,13,23,2898
24,c,0,17,62,29,1781
32,11,8,14,104,39,2813
17,12,c,12,36,c,3475
16,c,0,0,82,21,1244
12,c,0,c,120,16,1511
0,0,0,0,6,0,2655
31,9,22,43,351,76,3029
c,0,0,c,15,8,1289
45,c,c,54,130,87,3862
c,0,c,c,34,0,791
c,0,0,c,29,c,636
18,c,0,c,c,10,524
48,7,13,18,49,22,3953
16,c,c,31,33,14,1559
12,11,8,34,52,15,4494
25,7,14,53,85,17,2829
14,6,12,26,80,12,1423
33,18,c,40,107,c,3338
0,0,0,0,0,c,c
12,c,0,c,18,10,631
20,c,0,8,7,c,1606
15,c,c,33,23,10,2505
52,0,c,c,0,0,852
15,c,c,9,27,c,1417
27,c,c,13,75,17,1582
16,c,c,17,41,10,1788
c,7,c,18,78,39,1437
0,0,0,0,c,c,25
x,x,x,x,x,x,x
c,c,0,6,61,13,808
c,0,0,c,136,19,1712
c,c,0,13,78,17,1299
c,c,0,c,82,9,1120
c,c,0,10,139,c,1098
c,c,0,14,147,24,1627
18,c,c,20,264,24,2823
8,10,6,20,236,16,1345
c,c,0,12,155,8,3524
0,0,0,0,c,c,1758
c,c,0,c,61,c,419
14,c,c,14,145,7,2794
7,c,207,c,95,11,1618
6,c,c,13,112,17,1373
0,c,0,18,111,c,2782
c,c,0,11,146,25,1180
c,10,c,35,266,37,3086
c,6,6,c,107,8,1558
c,c,0,22,146,43,2720
c,6,c,23,65,25,1026
c,c,0,14,140,29,1566
c,c,c,c,86,8,2007
c,c,0,0,168,19,1597
c,c,0,c,10,9,2350
c,c,0,c,51,9,742
c,c,c,9,84,10,1010
c,c,0,8,156,32,2134
6,c,0,c,40,11,691
14,c,0,c,14,0,1063
c,c,0,20,124,10,2213
68,7,38,59,88,28,2845
c,c,7,18,14,8,419
16,0,c,16,37,c,481
c,c,0,19,42,7,1250
24,c,c,44,124,23,2318
27,c,0,47,38,c,1046
c,c,0,0,41,14,870
20,c,c,17,29,17,1548
16,c,c,25,89,15,1449
c,c,10,28,23,34,798
10,c,11,11,72,14,2585
26,17,13,54,40,27,1733
26,13,12,32,34,16,1053
19,c,0,49,59,c,1564
17,c,c,21,50,c,3762
c,c,0,7,104,c,841
24,9,c,9,60,c,1328
42,c,c,8,62,16,1340
24,c,c,10,28,21,1703
c,0,10,c,35,c,617
c,c,0,14,25,7,801
76,19,c,c,162,65,6703
37,c,c,16,91,23,3599
23,10,12,58,137,29,5137
26,c,0,c,96,18,1709
39,c,c,12,83,31,1810
11,12,0,28,111,6,2892
16,c,c,c,82,18,1279
13,c,10,23,45,c,1056
c,c,0,7,49,14,1507
26,c,c,44,64,c,1326
c,c,c,11,39,9,1297
6,c,c,16,52,14,898
18,c,c,17,67,17,3267
20,c,c,17,54,17,1550
20,10,c,16,81,c,2336
18,c,c,37,141,30,5467
9,0,c,20,103,c,2417
19,c,0,23,67,c,2382
0,0,0,0,c,c,2327
26,c,18,79,64,c,2276
21,10,6,43,62,19,1747
59,c,c,43,78,c,2977
11,c,c,20,64,13,2244
8,c,c,18,16,7,555
21,c,c,16,78,31,2090
38,c,9,37,68,c,1895
35,c,c,53,80,24,2975
47,c,0,c,416,17,3406
0,0,0,0,48,0,1466
28,9,0,20,64,12,1736
0,21,0,0,0,0,5030
15,c,c,19,96,c,2052
10,c,13,c,91,16,3478
32,c,c,42,146,31,2660
59,0,0,32,0,0,3622
45,c,c,11,77,11,1781
0,15,7,8,131,9,3319
c,c,0,c,18,c,147
45,15,35,20,199,60,5757
14,c,c,19,115,16,3200
c,c,0,c,91,0,2792
0,c,0,c,0,0,842
27,c,c,12,378,c,3135
17,c,0,0,55,17,1140
c,c,c,c,24,c,1104
55,10,19,0,119,46,3403
27,13,0,29,109,20,2284
16,c,0,c,59,13,811
c,c,0,17,61,0,1234
15,c,c,16,27,25,2128
21,c,c,9,85,14,1817
19,c,c,7,53,30,2477
0,0,c,c,19,0,853
19,c,c,16,106,24,2188
13,c,0,c,52,15,923
47,11,19,38,142,8,2572
23,c,c,16,190,103,2519
6,7,0,13,129,19,1392
51,c,c,54,155,29,4014
17,8,c,36,74,c,1167
23,c,c,c,42,17,785
42,c,c,13,117,38,2990
12,c,0,7,95,c,1206
c,c,0,c,51,c,758
11,c,c,59,0,c,1634
35,6,0,14,165,29,4921
26,20,0,18,125,30,2846
34,16,7,20,79,6,9892
c,c,0,0,8,0,1226
47,33,10,61,657,93,8897
12,c,11,0,41,23,1638
24,7,0,13,67,22,1745
112,c,c,18,95,43,3114
17,c,c,10,66,8,2668
12,c,c,0,84,12,875
c,8,c,10,93,12,1628
25,0,c,c,39,17,2369
19,c,c,23,173,56,8108
c,c,0,c,44,11,1099
33,6,9,37,76,31,2332
c,0,0,c,c,0,1356
c,c,0,c,35,7,523
c,c,0,c,37,20,505
20,6,23,17,17,28,3506
15,c,c,24,44,22,1854
17,9,13,32,65,21,3952
37,c,c,60,52,26,2191
22,c,12,c,73,21,1776
27,21,c,27,146,c,3423
0,0,c,0,c,0,c
10,c,0,10,c,0,562
19,6,c,10,9,c,1671
31,c,c,33,19,17,2198
c,c,c,8,27,17,706
c,0,c,12,30,18,1330
c,c,0,0,0,0,1875
c,11,c,21,61,28,1823
c,c,0,11,92,8,899
c,0,0,0,12,c,26
x,x,x,x,x,x,x
c,c,0,8,27,c,911
c,c,0,9,159,11,1705
6,0,0,12,72,10,1290
c,c,0,c,60,7,1092
c,c,c,c,98,10,909
c,c,0,14,115,21,2554
c,13,c,21,212,21,2970
8,7,8,15,223,29,1175
c,c,0,9,130,6,3234
0,c,0,0,41,c,2007
c,c,0,6,83,c,355
22,0,0,c,118,c,1982
c,c,0,18,104,13,1906
10,c,c,18,112,22,1014
0,c,0,c,29,c,1954
10,c,c,10,136,26,1201
22,9,6,6,227,65,2982
6,c,c,8,95,19,2886
c,c,c,13,201,45,2816
c,12,c,14,48,24,1081
c,c,0,13,147,14,1490
c,c,c,c,53,28,1329
9,c,0,c,153,24,1501
25,c,0,c,38,20,2282
c,c,c,c,62,c,671
c,c,0,c,68,10,704
c,c,0,6,148,43,3063
c,c,0,c,38,12,568
6,0,0,0,34,15,970
6,7,0,7,83,7,1646
10,c,10,20,27,6,473
53,7,25,81,92,15,2823
17,c,8,18,47,c,693
14,0,0,27,40,13,1112
15,c,c,48,83,25,1397
23,c,0,23,c,0,2616
10,c,c,13,15,23,867
22,c,c,16,26,20,1704
7,c,c,11,36,10,1091
c,c,18,30,52,94,948
10,c,c,7,30,9,2280
45,c,13,34,63,21,2383
22,c,0,13,54,c,1267
c,c,0,7,129,13,2202
36,0,c,21,66,c,2770
9,8,0,c,125,c,970
17,c,c,6,46,10,1432
49,c,0,c,42,23,1388
30,c,c,c,36,25,2290
16,0,0,c,42,c,1035
9,c,0,c,49,7,1078
108,16,14,22,231,54,8177
44,c,c,24,90,20,4655
56,12,12,58,91,16,4544
31,c,0,26,107,c,2028
31,14,c,c,103,21,1985
27,c,0,7,91,c,2175
c,21,c,7,45,10,1124
26,c,c,12,68,10,1147
16,10,0,15,49,21,1628
27,6,9,20,75,10,1400
12,c,c,15,59,17,2037
37,0,0,30,40,10,942
16,6,c,13,27,6,2613
36,7,11,39,70,22,2066
37,c,c,25,70,14,1785
19,c,c,21,148,34,5889
11,0,c,c,100,13,3020
27,c,c,41,66,6,2305
c,0,0,0,c,c,2877
12,c,c,7,c,7,3055
27,7,c,22,56,c,2623
43,c,c,59,113,0,2693
16,0,18,17,91,12,2892
7,c,7,16,29,c,738
30,6,c,c,70,33,2395
23,c,8,39,69,c,2173
38,11,17,58,78,41,3766
41,c,0,12,265,c,5318
0,7,0,0,78,0,1758
22,c,c,22,78,13,2161
c,15,0,c,c,0,5490
20,8,c,40,62,c,1615
c,0,c,c,26,8,3042
57,7,7,50,150,33,3078
42,7,0,29,0,33,3036
28,c,c,14,67,14,3467
0,12,c,12,126,c,3423
0,0,c,c,c,c,199
36,14,36,12,138,62,6167
42,24,0,24,140,20,2636
c,c,0,0,113,0,3367
0,c,0,0,0,c,1096
35,c,c,19,385,c,3965
8,c,c,c,33,15,1207
7,c,c,c,21,9,1025
24,c,13,c,166,57,3428
16,c,c,8,92,16,2642
26,c,c,7,48,13,1407
11,c,0,14,80,c,1843
19,14,27,31,33,12,2435
46,c,7,14,102,c,2221
0,0,c,c,18,c,4269
0,0,0,0,30,0,911
30,c,c,12,84,15,3784
15,c,c,9,45,12,1024
67,c,25,47,178,17,2897
39,6,11,22,147,71,2463
c,c,0,14,45,20,1451
50,16,8,67,104,26,3863
24,c,c,20,96,21,1607
13,9,0,7,88,7,1108
32,20,0,37,133,25,3155
17,c,0,11,141,c,1287
6,c,0,6,19,c,896
18,c,c,35,0,0,2918
18,c,c,10,129,13,4209
21,c,c,26,127,33,2659
53,21,18,c,75,c,9588
c,c,c,0,9,0,1218
60,73,16,84,444,109,11275
21,8,c,c,49,25,2323
19,c,c,17,78,33,1599
37,c,c,42,107,41,3472
25,c,c,14,74,14,2254
12,c,c,c,74,13,847
c,c,0,19,75,15,1418
29,c,c,c,37,c,2507
23,c,c,40,156,59,7479
c,c,0,c,25,8,1545
12,12,10,36,124,6,2558
0,c,0,0,c,0,566
c,0,0,13,31,14,661
14,c,c,11,18,12,505
32,c,12,15,24,23,2083
19,c,c,24,121,9,2687
22,c,c,11,66,39,2829
36,c,c,55,98,54,2266
17,9,c,c,86,14,1327
29,29,c,51,132,c,3808
0,0,0,0,0,0,14
11,c,0,c,27,c,912
26,c,0,12,c,c,1361
26,c,0,23,42,c,2150
c,c,c,20,35,15,1020
16,0,0,c,0,c,1880
c,c,0,0,0,0,1306
25,c,c,15,103,27,2369
c,8,c,17,82,20,1040
0,0,0,0,c,c,22
11,11,0,13,188,18,1997
0,0,0,0,0,0,492
15,c,0,15,91,c,1711
c,c,0,11,56,10,1628
c,0,0,c,40,c,1181
7,c,0,13,88,c,1504
32,14,0,11,124,21,3066
c,c,0,24,297,153,2098
7,c,c,22,118,30,991
c,0,0,c,128,c,4499
0,c,0,c,21,7,2221
c,c,0,6,81,c,398
15,c,c,25,140,c,2042
11,c,c,8,78,13,2041
14,c,c,c,133,15,1196
c,c,c,18,72,0,2875
12,c,c,19,173,21,1223
14,c,c,19,285,22,2957
c,c,c,10,73,c,1718
c,11,c,21,196,37,5068
c,14,c,24,70,15,1289
c,c,c,17,105,8,1575
7,0,c,c,82,21,1643
8,c,c,c,113,15,1972
21,c,0,c,19,13,2629
0,c,0,c,28,c,742
c,c,c,c,64,c,743
9,c,0,c,249,29,4207
c,c,0,c,27,9,815
13,c,0,12,c,22,1028
c,6,c,14,99,17,2216
10,c,c,18,21,7,419
50,c,11,12,135,c,2783
29,c,c,17,65,23,686
8,c,c,13,30,10,783
21,c,c,21,83,82,1033
29,c,c,48,66,36,1604
7,c,c,13,29,18,559
35,c,c,11,48,32,2234
9,c,c,21,33,10,902
11,c,c,11,30,6,1504
16,c,0,c,21,c,2476
39,c,c,30,76,13,2087
c,c,c,22,74,18,1546
18,c,0,c,119,13,1468
18,c,c,28,49,12,1861
11,c,0,c,122,c,1180
10,6,0,15,84,13,1335
29,c,c,22,80,10,1412
28,c,c,9,53,25,1944
6,c,7,14,24,c,1151
c,c,0,18,50,6,971
79,c,c,19,224,62,5669
42,c,0,c,116,23,4194
44,14,10,80,125,18,3403
34,c,c,32,92,35,2101
22,11,7,25,112,17,1097
8,c,0,c,59,c,1919
28,11,c,12,85,c,1013
14,8,c,c,56,27,837
20,c,c,14,71,12,1812
17,7,c,23,123,c,1789
6,c,c,10,51,13,1690
27,c,0,28,35,c,787
18,c,c,25,25,14,2437
21,7,8,14,59,21,2311
50,c,c,19,64,13,1807
28,c,c,18,103,29,4130
14,0,c,7,129,c,2766
34,c,c,39,68,c,2216
0,c,0,0,c,c,3059
40,c,10,30,50,c,2866
16,6,c,11,52,c,2428
68,7,11,47,93,6,3058
8,c,c,0,31,9,1741
8,0,c,27,25,c,598
15,8,6,16,93,24,2360
26,c,c,45,116,14,2020
23,6,12,26,68,25,3039
27,c,0,23,95,c,3674
0,c,0,0,c,0,816
26,c,17,c,28,21,1300
0,11,0,0,0,0,5365
30,18,c,30,68,c,1577
9,c,14,c,51,29,2134
35,c,c,30,162,39,2337
56,c,0,36,0,c,4061
37,c,c,12,80,20,3332
0,10,15,c,133,c,3154
c,c,0,c,9,c,144
51,27,c,c,77,62,6325
29,c,0,c,177,22,2800
0,0,0,0,31,0,3627
0,c,0,c,0,15,958
40,c,0,c,363,8,3576
c,c,0,0,9,c,1434
0,c,0,0,19,c,1369
81,6,7,0,138,49,3228
9,c,0,c,22,11,1790
21,c,0,c,69,13,872
29,6,35,31,150,30,1685
25,c,15,34,32,c,2220
40,c,c,23,79,c,2497
37,c,c,8,105,c,1818
27,8,6,7,40,0,649
28,7,8,16,69,17,3648
19,c,c,10,70,16,731
76,13,44,40,212,25,2631
41,c,c,22,175,103,2300
20,9,0,21,50,22,1342
50,c,c,45,115,37,2676
20,7,0,24,111,20,1280
28,c,c,13,68,8,995
30,c,c,16,69,7,3207
12,7,0,13,172,9,917
6,c,0,c,18,c,1163
35,0,0,c,0,c,2896
18,c,0,c,89,35,2127
38,c,c,12,115,49,2388
27,17,10,6,79,6,7775
10,c,0,0,c,0,1097
106,51,14,80,429,131,8833
14,c,c,8,29,8,1628
14,c,c,19,50,27,1179
29,c,c,31,65,29,2518
11,c,c,c,43,25,2294
28,c,c,c,82,38,1040
14,c,c,16,83,12,1321
48,c,c,38,21,c,1686
32,9,c,57,186,55,9788
c,0,0,c,30,14,1054
8,12,c,29,114,c,1886
c,c,0,c,0,0,471
0,c,0,c,18,19,773
c,c,0,15,39,14,508
17,c,0,13,16,c,910
19,c,c,20,53,12,3241
29,6,11,9,86,9,1556
26,c,c,28,79,36,2898
37,9,9,7,109,14,1393
31,c,c,15,135,15,2980
c,0,0,0,c,0,13
20,c,0,c,23,6,922
21,6,0,c,37,c,1840
12,0,c,c,14,7,1140
20,c,0,18,31,c,3014
6,c,c,13,37,14,739
c,0,0,27,45,c,2930
c,c,0,0,0,0,1301
23,13,0,10,80,46,2461
c,c,c,17,74,18,1009
0,0,0,0,13,0,39
12,7,0,21,174,21,1877
0,c,0,0,24,0,699
11,c,c,11,189,c,2047
12,c,c,22,70,6,1834
c,c,0,6,76,7,1295
11,c,c,12,74,c,931
c,c,0,8,155,36,2558
14,12,c,42,279,c,2566
15,c,c,30,154,25,1165
6,0,0,c,113,c,3671
12,0,0,27,c,0,2507
0,c,c,c,101,c,1436
16,c,c,32,123,8,2249
c,c,0,15,106,15,2406
14,c,c,9,82,18,1119
c,c,0,7,99,0,2761
16,c,c,16,189,22,1059
19,c,c,24,356,27,5030
c,c,0,9,56,6,2263
c,6,c,20,222,36,3677
10,c,c,22,53,25,1145
6,0,c,13,86,c,1382
0,c,0,0,c,0,1023
10,c,c,0,119,33,1896
c,c,0,c,27,9,2683
c,c,0,c,36,9,466
c,0,0,c,41,0,556
c,c,c,8,274,35,3452
c,0,0,c,37,7,580
10,0,0,c,c,6,933
7,10,0,7,82,17,1533
19,c,c,15,14,10,387
43,6,8,23,70,c,3912
15,c,15,21,55,c,600
12,c,c,11,53,10,657
22,c,11,c,79,9,787
42,c,0,54,55,22,1996
15,c,c,18,16,7,1331
20,c,c,6,58,37,2069
12,c,c,6,42,16,802
21,c,c,9,0,10,1424
9,c,0,c,25,c,2181
27,c,c,c,10,16,3876
20,c,c,21,109,10,1561
14,c,c,8,113,11,1834
24,c,c,28,49,8,1658
c,8,c,7,76,9,1565
18,c,c,26,54,14,1379
48,c,c,17,67,27,1302
76,c,c,18,24,28,2097
23,c,c,13,33,c,654
13,c,c,27,34,9,776
77,15,8,15,220,51,5225
40,c,c,18,71,17,3694
56,c,c,55,195,35,3660
34,c,c,14,127,50,1629
44,9,8,16,47,21,1030
9,6,0,c,64,53,1829
6,12,c,c,30,10,1248
26,c,0,c,44,14,877
c,10,c,16,98,22,1497
22,6,c,6,123,c,1487
c,c,0,14,32,12,1419
9,c,c,18,49,7,697
27,c,c,23,27,9,3881
11,10,7,42,84,22,2051
39,c,c,32,43,16,1588
19,16,c,c,110,25,4180
10,0,c,19,81,c,2263
26,c,7,39,49,c,2552
0,c,0,0,c,c,2514
27,c,16,41,97,c,2687
33,9,14,48,0,0,2369
73,10,14,49,90,6,3241
8,12,c,c,28,11,1780
15,c,6,21,41,8,643
39,c,c,28,92,27,2104
24,c,c,28,138,10,1371
42,11,24,26,101,89,3651
33,7,c,c,36,0,2074
0,c,0,0,30,0,890
24,c,13,c,22,15,1611
52,13,66,28,6,0,2363
27,9,c,16,71,c,1517
0,c,0,0,0,c,3282
32,c,c,44,192,29,2890
67,c,0,40,0,c,3542
21,10,0,8,110,16,2132
c,10,c,35,114,14,2490
c,0,0,c,9,c,134
94,13,13,10,100,68,6743
25,10,c,c,190,25,3045
0,0,0,0,86,0,2389
19,c,0,7,6,16,542
26,c,0,c,200,c,3252
c,0,0,0,c,0,637
15,c,c,c,33,c,1593
47,c,15,c,141,36,2610
31,8,c,c,87,22,2010
24,c,c,c,47,6,1085
41,9,19,34,164,23,1430
8,13,c,8,8,c,2473
40,c,0,8,15,c,4308
38,c,10,17,83,c,2361
16,c,12,c,49,0,549
31,10,11,12,98,39,2461
11,c,c,c,66,28,811
61,16,46,59,197,29,2421
76,16,9,20,141,71,2557
14,8,0,13,96,28,496
69,7,10,54,45,22,4890
29,8,7,20,120,9,2172
21,c,c,8,30,0,872
53,c,c,19,63,13,2414
7,c,c,16,72,16,769
c,c,0,6,32,10,835
31,c,6,26,c,6,1719
28,8,0,11,149,38,1686
22,15,0,24,121,12,2118
7,28,c,6,70,c,7091
13,c,c,c,c,0,922
89,44,12,78,565,84,8353
11,c,c,16,26,8,989
11,c,c,24,73,18,1323
42,c,c,29,57,49,2475
30,c,c,8,52,12,1950
6,c,c,c,66,c,936
c,7,c,9,74,9,1108
11,9,42,9,c,6,2255
31,13,c,50,148,56,10482
c,c,0,11,c,7,471
c,18,c,33,106,29,483
7,0,c,c,c,0,561
0,c,0,c,18,11,326
7,c,c,8,27,12,648
16,c,0,31,c,0,572
27,7,7,22,70,20,3877
36,9,c,c,80,34,1415
69,c,17,36,32,c,1978
40,c,c,16,93,17,1450
45,c,c,21,132,16,2831
c,0,0,0,c,0,9
24,c,c,7,30,13,986
10,7,0,c,c,c,1891
6,0,c,0,12,10,834
30,c,c,31,37,15,3410
c,c,0,12,48,16,1095
13,c,c,17,18,c,2268
10,c,c,0,0,0,1268
15,10,0,6,44,35,2305
10,c,c,c,63,21,1164
0,c,0,0,12,0,31
12,c,0,10,191,14,3734
c,0,0,0,0,0,678
13,c,0,8,149,c,2054
7,c,0,14,101,10,1970
c,c,0,0,74,21,1230
c,c,0,14,77,c,756
14,c,0,22,172,15,2435
c,15,c,16,180,7,2699
c,c,c,9,162,10,649
c,c,0,14,46,30,2244
0,c,0,0,14,7,2623
0,0,0,0,c,0,1315
12,c,c,15,62,c,2627
c,c,0,17,163,14,2722
23,c,c,10,99,15,1286
0,c,c,7,54,0,3403
14,c,c,19,132,23,864
20,c,c,27,333,54,2439
9,c,c,12,118,45,2433
9,c,c,21,178,52,1593
29,c,c,30,45,22,1214
11,c,c,24,87,8,1181
c,c,0,0,50,0,1392
16,9,c,c,198,9,1948
8,c,0,c,32,c,2034
c,c,0,13,33,c,451
c,c,0,c,27,c,608
8,c,c,17,252,36,2986
c,c,0,c,59,12,551
11,0,c,c,c,13,1165
c,c,0,18,79,c,924
13,0,0,c,9,8,641
53,6,c,c,64,0,1580
15,9,15,c,70,c,595
12,c,c,10,35,14,457
11,c,0,c,53,15,758
28,c,0,15,55,8,1791
10,c,c,21,14,7,1284
28,c,c,c,27,26,2249
9,c,8,c,40,9,720
29,c,15,13,c,8,726
14,7,c,c,31,c,2408
c,0,0,0,8,c,724
35,10,0,33,100,17,1233
c,c,0,0,99,c,2819
23,7,9,25,72,15,1629
c,c,0,c,90,13,1259
22,c,c,11,55,10,1785
37,c,c,25,68,31,1219
59,c,c,16,65,42,2443
12,c,c,11,51,c,796
16,c,c,10,16,15,1398
99,18,9,19,242,47,6402
43,c,c,48,152,13,5566
75,10,17,44,164,43,3010
25,c,c,14,77,9,1092
41,7,7,27,83,8,875
13,c,0,15,69,54,1971
c,c,0,c,25,18,1781
11,c,c,15,41,14,711
21,c,c,15,104,12,1398
30,6,0,15,55,8,884
7,c,c,7,49,10,1410
14,c,c,27,31,14,684
42,11,6,51,65,8,3455
18,13,6,71,55,33,2033
26,7,6,43,79,22,1238
17,9,c,c,86,25,4361
24,c,c,15,98,6,1564
38,c,c,29,90,c,2267
c,c,0,0,11,c,2939
36,11,c,8,c,c,2524
43,c,14,43,0,0,1299
96,c,12,50,141,c,3188
23,7,c,c,37,104,1492
11,c,c,22,28,8,781
42,c,c,15,136,49,1328
23,c,c,10,72,13,3073
33,c,c,26,108,78,2676
46,c,c,13,152,0,1128
0,c,0,c,14,c,490
42,c,c,11,c,9,1902
c,6,0,c,c,c,4707
40,6,0,20,66,12,1824
0,7,0,0,0,0,2737
27,12,c,16,63,0,4079
50,0,0,38,0,0,4712
10,c,c,6,56,c,7512
27,7,0,29,174,9,2524
c,0,0,c,8,c,210
83,17,13,17,125,24,6621
64,21,c,c,165,21,2693
0,11,0,28,195,0,4244
c,c,0,0,15,0,772
28,c,0,c,98,c,2998
0,c,0,0,c,0,896
18,c,9,c,23,7,1475
94,c,15,c,191,48,3581
35,c,c,11,74,c,1792
19,c,0,c,64,c,1196
34,8,10,14,133,11,2787
12,6,c,c,13,14,2535
7,c,c,14,57,c,2928
43,6,13,11,82,40,2030
21,c,c,29,62,0,423
41,c,c,16,65,26,2946
25,c,c,c,69,25,680
81,15,11,45,172,52,2613
71,19,10,57,181,59,1946
18,c,c,24,96,15,1424
73,9,8,41,31,46,4239
28,c,c,13,55,21,1250
26,c,c,12,47,20,471
35,6,6,23,29,21,2694
11,0,0,12,92,14,970
6,c,c,0,33,8,523
21,c,8,23,0,c,1699
43,6,7,7,140,38,66
33,c,c,15,107,8,1695
16,27,0,16,105,0,7495
16,c,c,c,7,0,997
96,33,9,83,623,101,5959
13,c,21,23,35,c,1530
11,c,c,15,67,15,1043
39,18,9,22,84,52,2049
34,7,c,c,40,11,1720
11,c,c,c,138,0,1094
10,7,c,c,68,14,1803
11,c,c,19,c,0,3485
62,9,9,41,127,57,9750
12,c,0,c,16,c,1136
50,15,20,42,99,46,1890
c,c,c,c,9,c,467
0,c,0,c,21,11,350
9,c,c,8,17,17,476
0,0,0,0,24,c,622
36,6,6,36,93,27,2948
43,c,c,23,86,37,1247
31,c,20,c,51,71,2752
11,c,c,30,157,21,2206
31,c,c,41,83,11,2245
0,0,0,0,c,c,c
13,c,0,c,19,20,878
c,0,0,0,0,0,2571
16,c,c,c,40,6,1077
27,c,c,26,63,25,3100
0,c,0,c,36,c,650
14,c,c,12,37,7,2150
11,c,c,0,0,0,1208
18,8,8,19,62,14,2972
6,c,c,c,91,c,1265
0,0,0,c,12,0,21
19,6,c,12,180,17,3080
0,0,0,0,c,0,1387
0,0,0,0,c,c,551
14,c,c,21,107,15,2177
c,0,0,7,74,15,1411
c,c,c,12,52,c,924
24,c,0,c,148,19,2252
c,c,c,7,154,30,2508
24,c,c,17,136,7,1028
c,0,0,7,42,0,1462
0,0,0,c,24,c,2564
c,0,0,0,c,0,1073
11,c,c,24,0,8,2350
c,c,0,17,124,18,2320
24,c,c,14,61,22,932
c,c,0,11,88,0,2899
20,10,c,c,148,16,833
22,9,6,18,262,22,2734
c,7,0,17,113,7,2498
8,c,c,25,142,35,2566
20,c,c,40,51,20,831
6,c,c,11,93,11,1128
0,0,0,0,73,0,1171
c,11,c,c,226,10,1863
c,c,c,18,18,7,1905
8,c,c,11,37,0,556
8,c,c,6,38,8,967
10,7,9,13,363,57,3129
c,c,0,7,39,6,643
0,c,0,7,26,c,1104
10,0,0,19,138,7,1207
6,c,c,c,c,c,304
28,6,c,0,13,c,2943
14,9,0,16,79,18,537
10,0,13,12,13,12,566
18,c,c,14,40,34,862
26,c,c,15,85,6,1463
23,c,c,6,11,13,1031
37,8,c,c,46,34,3310
c,c,20,15,35,11,638
20,c,11,13,0,15,1500
15,c,0,14,41,c,1631
c,0,0,c,c,0,1951
24,c,c,27,94,14,1533
9,0,0,c,67,c,2207
48,c,c,16,57,13,1788
25,c,c,6,61,8,1099
18,7,0,15,59,12,1870
41,c,c,45,57,19,1369
38,11,c,c,64,45,1764
21,c,11,15,29,c,438
12,c,c,9,25,14,1166
50,21,7,11,324,42,6939
67,11,15,112,142,15,4405
80,c,c,53,69,28,2524
35,9,c,9,69,c,1113
51,c,c,15,132,26,1700
25,c,c,18,93,74,1753
c,c,0,7,29,21,1818
48,c,c,20,56,19,1222
29,c,c,15,58,11,1263
15,c,c,41,40,c,493
13,c,0,c,53,c,1726
7,c,c,c,26,11,468
43,c,c,42,80,22,2639
18,7,6,37,69,23,2623
38,c,c,29,91,34,1366
37,12,8,22,63,33,4465
13,c,c,19,76,6,1199
39,c,11,31,71,c,1987
c,c,0,0,16,8,2559
c,0,0,c,14,6,2224
42,10,14,36,0,0,1012
106,7,15,41,129,10,2714
25,11,6,17,43,c,1224
6,c,9,26,35,7,551
46,c,c,20,115,25,2360
23,c,c,7,27,c,4004
50,8,7,36,82,82,1798
9,c,c,c,169,c,1188
19,c,c,15,25,10,209
27,c,c,15,10,10,2678
c,c,0,c,0,0,3510
36,c,c,29,86,14,1327
0,c,0,0,26,0,2692
38,c,c,26,153,10,3632
74,c,6,37,c,0,4912
0,0,0,0,0,0,3278
0,12,7,30,126,7,2636
c,0,0,0,0,0,38
83,6,9,25,161,32,5642
33,c,c,92,155,20,3481
17,c,0,c,0,0,2200
0,c,c,c,0,0,1972
17,c,6,12,50,c,1166
0,c,0,0,c,0,866
12,c,10,c,27,6,1352
59,9,8,0,175,59,3165
40,c,c,13,47,15,1484
14,c,c,9,49,15,721
33,c,c,24,56,18,1115
28,c,c,7,41,51,3862
50,c,0,6,c,0,2743
50,8,8,9,82,36,2243
21,c,c,10,45,0,1036
37,c,c,12,58,57,846
13,c,c,13,59,9,820
112,19,13,50,268,94,4070
49,15,12,32,249,107,1356
19,7,c,33,46,19,2792
18,c,c,22,39,10,2237
41,c,c,23,97,9,2052
21,c,c,24,39,13,793
38,c,c,20,34,23,3457
19,c,c,14,47,8,1005
9,0,0,c,24,c,609
39,6,7,45,0,c,1877
47,7,c,8,143,33,5589
12,c,0,0,26,c,3286
24,27,0,c,61,c,6494
8,c,0,c,6,c,1893
115,36,13,85,492,123,5980
c,c,c,19,51,0,1369
19,c,c,21,63,10,966
47,13,9,38,102,43,2279
25,11,7,c,9,9,1686
23,c,7,6,78,c,894
8,c,c,c,107,7,1869
27,11,14,27,0,0,3623
45,c,10,39,123,57,9215
c,0,0,c,54,8,842
35,c,c,18,99,27,1484
c,0,c,14,10,10,366
c,c,0,c,20,15,325
0,0,c,c,9,9,924
10,c,0,6,0,c,2188
22,c,c,38,65,28,2205
13,c,12,c,62,21,1173
36,29,11,22,65,42,2971
14,c,29,c,93,23,2142
42,c,c,26,87,9,2730
0,0,0,0,0,0,9
c,c,0,9,22,8,677
c,7,0,0,0,c,3078
18,c,0,c,35,16,1469
61,13,6,39,59,35,3466
c,c,0,c,29,10,797
10,c,8,c,23,c,2090
9,c,c,0,0,0,1289
21,c,c,16,55,7,3071
8,c,c,6,107,12,1271
c,0,0,0,9,0,11
16,7,c,9,130,19,2945
c,c,0,13,c,0,1315
19,c,c,26,109,c,1050
c,6,0,7,42,17,1729
c,c,0,c,81,8,1295
10,c,c,11,46,7,999
66,c,41,10,159,31,2276
c,c,c,23,117,30,1899
0,0,c,0,c,0,1510
11,0,c,c,29,c,1660
0,c,0,c,13,0,1640
c,0,0,0,c,0,1188
26,c,c,23,c,11,2834
10,c,c,11,114,18,2099
21,6,7,14,85,25,1094
c,c,c,20,60,0,2063
15,0,0,6,22,7,996
9,c,c,22,156,30,2132
8,c,c,34,114,8,2552
8,0,9,c,107,30,3138
12,c,c,26,23,13,1009
10,c,c,15,71,21,1006
0,0,0,0,17,0,1246
16,7,c,c,133,16,1699
7,c,0,8,18,13,2729
10,c,c,6,77,c,643
11,c,c,c,30,10,552
14,6,0,10,273,78,3257
c,7,c,7,45,9,526
9,c,0,24,0,c,636
0,0,c,c,37,c,2637
13,0,0,c,0,0,544
45,8,9,55,72,51,2634
c,8,0,c,30,8,877
19,c,11,c,25,12,643
7,c,c,9,16,22,1553
48,c,c,16,79,10,1681
18,c,c,c,12,c,463
24,c,c,22,48,34,4466
23,c,8,c,37,10,774
24,c,18,c,c,c,2419
34,c,6,c,21,15,1182
25,c,c,9,39,c,2562
41,c,c,28,108,7,1632
22,c,c,9,66,6,1796
49,c,c,14,41,18,1725
21,c,c,12,105,10,1552
18,c,c,14,39,8,2114
31,c,c,34,89,12,1170
36,c,c,15,71,51,1883
14,c,c,14,41,8,397
14,c,c,c,9,20,981
c,7,0,c,259,10,9495
57,11,12,58,168,18,6920
62,c,c,43,64,21,2491
6,c,6,c,41,c,876
43,9,c,c,106,13,2082
44,c,0,7,82,6,1813
20,7,c,c,15,16,1602
40,c,c,15,51,13,1199
17,0,14,16,75,12,847
36,9,7,33,35,6,1012
14,c,0,c,74,12,955
14,c,c,21,32,11,635
50,c,c,18,50,17,1131
22,c,c,26,36,21,3478
33,c,c,19,59,18,665
40,c,c,25,77,32,4547
22,c,c,24,88,c,1380
34,c,20,32,49,c,1738
6,0,0,0,7,6,2675
49,16,12,c,c,c,1639
42,6,0,0,c,0,2576
126,8,16,44,112,6,2818
30,6,13,13,67,c,1906
18,0,22,18,37,10,493
48,9,10,20,146,28,1906
18,c,c,c,20,8,4410
34,10,12,26,74,65,2540
29,13,c,21,62,c,5497
21,c,c,15,31,13,202
c,c,0,0,11,0,1713
c,c,0,0,0,0,3366
48,c,c,20,88,10,1107
0,0,0,0,c,0,4237
78,c,c,11,170,40,4364
0,0,0,0,0,0,2433
0,0,0,0,0,0,3192
29,14,17,29,216,6,2387
0,0,0,c,c,c,188
67,17,17,17,296,75,6191
58,9,c,c,196,18,2782
35,c,c,13,12,0,2608
16,c,c,0,22,25,1842
36,c,8,18,81,c,1149
0,c,0,0,c,c,807
17,c,c,6,15,0,2542
53,10,24,29,199,41,3507
13,6,7,29,72,14,1520
33,9,c,c,27,14,630
31,c,20,23,c,c,5278
24,6,0,17,31,33,3892
c,c,0,0,0,29,2671
40,9,13,7,135,35,1429
8,c,c,17,46,16,1225
33,8,c,13,0,0,3850
18,c,c,17,69,17,486
128,17,12,57,218,81,3363
72,19,15,53,223,80,2379
25,c,c,18,c,0,1680
8,c,c,11,27,8,1035
24,c,c,9,93,7,1069
24,c,c,10,75,17,432
75,c,8,55,35,c,4426
12,c,c,18,42,c,948
6,c,0,0,15,c,606
47,c,c,14,0,13,1969
35,c,0,c,118,35,4547
16,c,c,12,8,c,4294
34,19,c,0,77,c,6892
6,c,0,c,7,c,2034
187,23,32,80,354,146,5850
11,c,c,8,72,c,1255
13,c,c,10,61,22,1041
34,8,7,31,129,46,2143
28,c,c,c,26,9,1624
6,c,c,0,6,c,1312
17,7,c,c,90,8,2199
0,0,0,0,0,0,4616
38,11,12,49,58,57,7317
c,c,c,c,42,8,894
43,c,c,20,97,38,498
18,c,c,c,17,c,649
6,c,c,8,29,10,332
c,0,c,6,36,c,387
13,c,0,6,c,0,1848
24,17,9,41,75,33,2251
26,c,8,c,100,24,1018
63,31,c,9,c,43,4115
12,c,c,12,118,14,2312
41,c,c,28,84,14,2286
0,0,0,0,0,0,c
8,0,c,c,21,6,1012
c,0,0,0,c,c,3720
16,c,c,0,32,7,1341
39,7,43,14,51,21,3410
c,c,c,c,41,11,823
9,c,c,6,22,10,1697
0,c,c,c,27,6,1181
12,c,c,11,82,12,2541
19,c,c,0,72,6,828
0,0,0,0,0,c,9
9,7,0,c,108,c,3025
12,c,c,9,6,21,913
14,c,c,14,83,10,1066
7,c,c,17,80,16,2225
6,0,c,c,84,17,1361
22,c,7,32,60,c,835
35,c,9,21,108,22,2809
12,c,c,c,107,c,1349
14,c,c,12,56,c,1414
21,0,6,10,67,c,1936
c,c,c,c,9,c,1873
c,c,0,0,9,0,1187
30,c,c,25,c,9,3007
17,c,c,17,101,8,2269
13,c,c,14,60,12,980
10,c,c,c,47,0,1954
0,10,0,c,c,7,1344
27,c,c,31,149,23,1911
16,c,8,40,99,17,2736
16,c,c,6,91,21,2665
19,6,7,41,46,9,1086
6,c,0,c,40,12,945
c,0,0,0,22,c,665
10,c,c,c,185,22,1446
15,6,c,11,40,13,2574
7,c,c,12,55,12,721
c,c,c,c,76,c,759
6,c,c,7,290,c,3119
11,c,0,c,44,8,438
c,c,c,20,14,0,410
0,0,c,c,33,0,1940
14,6,c,c,c,0,444
28,8,0,0,c,0,4351
33,7,18,23,c,c,1214
10,c,24,c,12,9,840
12,c,c,0,30,0,1298
58,7,0,c,72,18,1647
18,c,7,c,26,c,631
20,c,c,0,56,43,3391
17,c,c,7,64,23,1029
24,c,c,0,7,10,968
22,c,9,c,30,8,1380
7,6,8,7,35,21,2785
34,c,10,18,98,6,1376
36,c,11,c,161,11,1037
71,c,15,13,48,c,1580
8,6,7,19,127,11,1551
42,8,16,26,c,11,2108
23,c,c,15,88,20,1597
19,11,8,23,84,34,1959
c,0,10,13,30,c,878
10,c,10,c,38,22,1487
x,x,x,x,x,x,x
12,7,14,37,182,9,3471
69,c,10,17,78,c,2230
c,c,15,18,16,0,1254
c,9,0,0,30,0,3378
17,7,c,12,75,46,2017
25,c,c,6,13,21,2018
c,c,6,40,56,24,2102
22,c,24,17,74,c,1218
18,c,c,c,43,c,617
8,c,0,c,71,15,771
9,c,c,c,49,6,730
59,c,c,15,77,25,966
40,c,13,38,44,53,4008
19,c,c,30,44,20,812
21,9,c,17,67,37,2735
14,c,9,11,103,c,1762
32,7,38,43,113,17,4489
7,c,0,c,15,24,2782
60,0,13,19,c,9,1963
c,6,0,0,c,c,2668
116,31,28,46,285,36,6165
22,7,c,7,99,c,1774
24,c,21,16,35,c,464
43,c,c,35,116,37,2073
18,c,c,c,22,8,2671
41,c,c,20,67,55,3710
19,18,c,11,58,c,4670
44,c,c,12,36,29,268
0,0,0,0,15,0,1416
80,14,0,0,0,19,5003
10,c,c,10,53,17,1941
c,0,0,0,c,0,978
53,8,6,c,79,c,4438
51,c,c,9,8,8,5209
0,0,0,0,0,0,3461
71,6,14,16,133,42,2386
c,0,c,0,11,c,157
54,6,15,30,166,66,2719
38,10,7,10,109,18,1529
19,c,7,7,c,c,2228
16,c,0,0,11,c,1805
41,c,c,0,86,0,3285
c,c,0,0,0,0,742
11,0,c,7,10,c,1170
108,c,c,59,201,44,3474
22,c,c,19,114,28,1529
17,c,13,c,35,14,1482
83,c,9,21,c,0,4398
26,7,c,25,34,19,3250
0,c,0,0,0,88,2170
29,c,17,c,82,36,1303
9,c,c,0,31,c,1006
31,c,0,c,0,0,2275
15,c,c,22,97,18,914
131,19,21,68,208,88,4805
79,13,10,62,125,55,6110
10,8,7,12,62,29,983
0,c,0,0,c,0,224
24,c,c,11,56,10,1674
20,c,c,c,8,c,867
82,6,10,14,36,0,5145
12,c,12,21,25,14,1481
7,c,c,0,11,0,579
31,0,c,13,c,7,1496
19,c,c,c,93,30,3439
40,8,c,29,c,9,7234
18,22,43,c,44,c,10145
7,c,c,8,c,0,1535
118,c,36,107,319,100,7158
44,c,c,13,49,21,1320
20,6,9,17,42,11,974
46,c,26,c,92,42,2335
23,c,7,20,17,13,1349
13,c,c,6,27,9,1205
8,c,c,c,96,7,1884
0,c,0,0,0,0,3436
47,10,15,36,63,71,6700
c,c,c,0,34,10,584
47,c,c,c,40,7,5179
6,c,c,6,10,14,387
c,0,c,c,21,c,301
c,c,c,6,15,c,756
22,c,8,c,0,6,1365
39,16,9,24,63,21,1855
x,x,x,x,x,x,x
42,16,0,30,0,11,4366
19,c,7,0,81,18,2277
33,c,40,53,94,c,2683
0,0,0,0,0,0,c
c,c,c,c,50,6,1581
15,0,c,c,c,c,3146
7,0,0,c,8,c,755
23,7,25,12,108,38,6354
6,c,c,0,35,12,565
9,c,10,c,31,8,904
c,0,15,0,42,c,1161
27,6,6,12,61,12,2077
19,c,c,0,92,12,609
0,0,0,0,c,0,8
16,c,c,0,69,c,1790
0,0,0,0,0,0,1424
38,0,9,20,84,7,859
14,c,c,19,96,8,2183
c,c,0,c,56,16,1454
c,0,0,9,66,c,535
14,c,c,32,64,23,1795
7,c,6,c,70,c,4624
13,c,c,c,58,c,1140
14,0,c,8,12,c,2052
c,c,0,c,11,0,1293
c,c,0,c,c,0,1472
16,c,c,20,c,9,2747
17,c,c,17,83,20,2410
20,c,c,18,26,9,2256
0,c,0,0,0,0,1887
c,7,c,0,20,c,1279
14,c,c,19,62,25,1118
17,7,15,14,154,12,1869
26,c,8,18,138,30,2297
c,c,0,0,10,0,1108
11,c,c,8,73,8,1189
c,c,0,0,0,0,183
9,c,c,c,112,17,1102
10,6,c,c,27,11,2142
c,c,0,19,60,18,921
c,0,c,c,43,12,721
c,c,8,11,246,37,2929
c,c,c,0,13,10,518
8,c,0,6,33,c,1025
8,c,c,0,11,0,2563
8,c,c,16,0,0,238
x,x,x,x,x,x,x
16,7,24,16,0,0,1461
c,c,31,9,26,13,771
9,c,c,0,13,0,716
33,8,c,c,73,23,1597
21,c,13,c,35,6,1862
23,c,c,14,25,28,3419
15,c,c,c,71,16,1193
24,c,c,c,18,12,993
16,c,8,c,8,11,1128
12,c,c,c,28,19,2974
13,c,13,16,84,14,1835
22,c,c,10,99,9,1050
34,c,15,13,36,c,1168
19,c,c,c,49,c,1882
25,9,15,6,0,c,2018
35,c,c,35,65,24,1628
45,7,13,20,71,36,1889
6,c,c,c,29,c,357
c,c,11,7,37,21,2423
0,10,8,0,86,0,5236
0,0,0,0,0,0,6167
56,c,c,58,71,26,2734
x,x,x,x,x,x,x
0,c,0,0,39,0,3214
c,6,11,9,52,10,1132
14,c,6,8,14,c,1551
13,c,c,45,70,20,1360
32,6,19,15,69,23,1118
27,c,14,c,82,c,1353
22,6,c,c,46,25,663
c,c,6,24,39,7,618
c,c,11,21,45,12,2436
16,c,7,37,33,51,3711
31,c,c,16,42,26,1036
24,7,c,23,45,35,3058
27,c,15,17,84,c,1104
20,8,15,24,70,14,3045
c,c,c,c,40,10,2414
52,10,11,15,c,c,1779
c,c,0,0,6,c,2773
66,23,13,45,176,60,5708
14,c,7,c,79,c,1520
12,0,10,21,21,6,830
30,c,10,c,87,26,1641
22,c,0,c,18,c,2963
24,10,c,c,53,15,1766
20,14,c,c,33,0,2913
15,c,c,6,19,13,291
c,10,0,0,17,0,1535
75,16,0,0,0,51,7638
14,c,c,9,76,24,2092
c,0,0,0,0,0,906
33,12,8,c,59,c,4617
31,14,c,c,40,c,2638
0,0,0,0,0,0,2679
49,c,8,7,53,c,1435
0,0,0,0,16,c,173
48,c,25,24,c,70,2668
40,c,c,c,87,29,2154
26,12,0,6,13,c,2387
34,0,0,0,c,0,1117
49,c,0,0,74,c,2725
0,c,0,0,c,c,699
0,12,0,c,21,0,826
69,c,c,30,210,41,3045
c,c,23,26,79,26,1438
22,c,15,c,77,14,1193
10,c,9,7,c,c,1722
15,c,c,c,41,22,4573
36,c,c,15,37,1728,333
33,c,12,c,77,20,2528
c,0,c,0,9,c,1383
28,0,0,0,c,0,1786
6,c,c,c,55,15,1546
71,17,29,91,207,84,5100
41,21,13,44,148,97,5467
11,7,c,c,48,c,895
x,x,x,x,x,x,x
32,c,c,13,79,14,1800
17,c,c,15,19,10,959
44,c,18,17,70,c,4253
9,c,8,12,75,c,1578
7,0,0,0,c,c,277
46,c,c,18,0,0,1989
17,7,0,c,87,52,3167
c,c,c,20,22,19,7433
25,23,17,c,45,c,5401
0,c,0,c,0,0,835
87,24,118,83,313,112,6695
44,c,c,0,41,0,2300
22,c,c,33,53,15,959
39,10,13,20,84,39,2318
15,c,c,c,30,11,1442
10,c,c,7,25,13,1452
9,c,c,0,61,c,956
11,c,10,0,0,0,3443
37,10,11,35,76,56,7565
8,c,24,0,47,c,992
29,c,0,0,59,c,4086
c,0,c,8,12,6,662
c,0,c,6,14,11,523
8,0,c,c,0,8,893
13,c,0,0,c,0,1045
10,13,c,c,43,17,3637
49,8,6,c,77,c,1875
c,0,c,0,c,45,2515
13,c,c,c,66,21,2898
15,6,23,36,88,46,2596
c,0,0,0,0,0,c
c,c,c,c,43,16,1757
32,c,c,6,c,6,2859
14,0,0,c,10,c,915
27,11,8,15,78,42,4521
c,c,c,c,26,6,572
8,c,c,15,29,6,756
c,0,10,c,19,c,1083
12,7,c,c,36,25,2481
18,c,16,15,51,11,1493
0,0,0,0,c,0,14
10,c,13,c,141,19,902
0,c,0,0,6,c,1403
15,0,0,c,35,c,1153
20,c,13,19,96,9,2277
c,6,c,c,106,11,1418
11,c,c,10,141,c,1241
17,c,8,c,101,21,1970
c,8,c,c,54,c,2828
19,c,c,0,64,22,1136
18,c,c,c,0,c,1837
18,c,14,11,10,c,1476
7,c,0,c,29,c,1382
c,c,0,8,c,9,2269
14,c,c,17,125,28,2644
22,c,0,11,c,16,1542
c,c,0,0,c,0,2009
21,c,16,c,62,31,1113
23,c,c,15,47,16,1701
9,c,8,29,94,15,1988
c,c,c,c,96,17,2252
28,11,c,12,12,c,1520
6,c,0,c,22,8,780
0,0,0,0,0,0,521
9,6,6,c,89,26,3505
15,7,0,7,29,9,1516
6,c,9,c,57,23,595
c,c,c,c,49,c,768
10,c,10,c,251,27,1863
c,0,13,c,35,11,485
c,0,0,0,0,c,532
16,7,0,c,c,c,1102
